{"metrics/accuracy": 3.954802329694296, "_timestamp": 1721161955.403968, "metrics/loss": 6.023454081730834, "_runtime": 17.877893209457397, "_step": 50, "_wandb": {"runtime": 21}}